source,target
cristiano,luissuarez9
cristiano,caradelevingne
cristiano,anushkasen0408
cristiano,selenagomez
cristiano,teddysphotos
kyliejenner,sachintendulkar
kyliejenner,brunamarquezine
kyliejenner,iamcardib
kyliejenner,deepikapadukone
kyliejenner,willsmith
leomessi,maluma
leomessi,iambeckyg
leomessi,caradelevingne
leomessi,priyankachopra
leomessi,cristiano
selenagomez,luissuarez9
selenagomez,anushkasen0408
selenagomez,teddysphotos
selenagomez,cristiano
selenagomez,kritisanon
therock,luansantana
therock,mercedesbenz
therock,disney
therock,nba
therock,raffinagita1717
kimkardashian,paollaoliveirareal
kimkardashian,fcbarcelona
kimkardashian,taylorswift
kimkardashian,gusttavolima
kimkardashian,nickiminaj
arianagrande,9gag
arianagrande,gusttavolima
arianagrande,nancyajram
arianagrande,taylorswift
arianagrande,fcbarcelona
beyonce,ronaldinho
beyonce,parineetichopra
beyonce,vanessahudgens
beyonce,anitta
beyonce,shakira
khloekardashian,justintimberlake
khloekardashian,nickyjampr
khloekardashian,kourtneykardash
khloekardashian,liverpoolfc
khloekardashian,jokowi
justinbieber,prillylatuconsina96
justinbieber,leonardodicaprio
justinbieber,jlo
justinbieber,krisjenner
justinbieber,mileycyrus
kendalljenner,shraddhakapoor
kendalljenner,nickjonas
kendalljenner,shaymitchell
kendalljenner,willsmith
kendalljenner,nehakakkar
natgeo,nike
natgeo,buzzfeedtasty
natgeo,victoriassecret
natgeo,dior
natgeo,hm
nike,natgeo
nike,buzzfeedtasty
nike,victoriassecret
nike,dior
nike,hm
taylorswift,fcbarcelona
taylorswift,gusttavolima
taylorswift,kimkardashian
taylorswift,paollaoliveirareal
taylorswift,nickiminaj
jlo,prillylatuconsina96
jlo,ddlovato
jlo,justinbieber
jlo,sonamkapoor
jlo,realmadrid
virat.kohli,gal_gadot
virat.kohli,jbalvin
virat.kohli,433
virat.kohli,kingjames
virat.kohli,vindiesel
nickiminaj,wizkhalifa
nickiminaj,paollaoliveirareal
nickiminaj,kimkardashian
nickiminaj,fcbarcelona
nickiminaj,taylorswift
kourtneykardash,justintimberlake
kourtneykardash,jokowi
kourtneykardash,khloekardashian
kourtneykardash,nikefootball
kourtneykardash,nickyjampr
mileycyrus,leonardodicaprio
mileycyrus,krisjenner
mileycyrus,raisa6690
mileycyrus,justinbieber
mileycyrus,wesleysafadao
neymarjr,nusr_et
neymarjr,karimbenzema
neymarjr,marvelstudios
neymarjr,nasa
neymarjr,garethbale11
katyperry,lunamaya
katyperry,adidasoriginals
katyperry,gisel_la
katyperry,chrisbrownofficial
katyperry,worldstar
kevinhart4real,theellenshow
kevinhart4real,5-minute crafts girly
kevinhart4real,juventus
kevinhart4real,hudabeauty
kevinhart4real,ruben_onsu
zendaya,paulodybala
zendaya,hrithikroshan
zendaya,shahidkapoor
zendaya,narendramodi
zendaya,zacefron
iamcardib,willsmith
iamcardib,nickjonas
iamcardib,kendalljenner
iamcardib,shraddhakapoor
iamcardib,brunamarquezine
ddlovato,sonamkapoor
ddlovato,realmadrid
ddlovato,jlo
ddlovato,psg
ddlovato,prillylatuconsina96
badgalriri,whinderssonnunes
badgalriri,iamzlatanibrahimovic
badgalriri,jamesrodriguez10
badgalriri,theweeknd
badgalriri,emmawatson
kingjames,davidbeckham
kingjames,chrissyteigen
kingjames,garethbale11
kingjames,gal_gadot
kingjames,marvelstudios
theellenshow,kevinhart4real
theellenshow,5-minute crafts girly
theellenshow,juventus
theellenshow,hudabeauty
theellenshow,ruben_onsu
realmadrid,psg
realmadrid,sonamkapoor
realmadrid,ddlovato
realmadrid,jlo
realmadrid,prillylatuconsina96
champagnepapi,daddyyankee
champagnepapi,sunnyleone
champagnepapi,marinaruybarbosa
champagnepapi,nattinatasha
champagnepapi,michelleobama
chrisbrownofficial,adidasoriginals
chrisbrownofficial,hudabeauty
chrisbrownofficial,worldstar
chrisbrownofficial,lunamaya
chrisbrownofficial,katyperry
fcbarcelona,gusttavolima
fcbarcelona,taylorswift
fcbarcelona,kimkardashian
fcbarcelona,paollaoliveirareal
fcbarcelona,nickiminaj
billieeilish,tomholland2013
billieeilish,addisonraee
billieeilish,charlidamelio
billieeilish,roses_are_rosie
billieeilish,jennierubyjane
dualipa,ranveersingh
dualipa,stephencurry30
dualipa,thenotoriousmma
dualipa,mariliamendoncacantora
dualipa,akshaykumar
gal_gadot,virat.kohli
gal_gadot,kingjames
gal_gadot,jbalvin
gal_gadot,davidbeckham
gal_gadot,chrissyteigen
vindiesel,toni.kr8s
vindiesel,433
vindiesel,jbalvin
vindiesel,kapilsharma
vindiesel,virat.kohli
nasa,nattinatasha
nasa,marinaruybarbosa
nasa,sunnyleone
nasa,neymarjr
nasa,champagnepapi
priyankachopra,bellahadid
priyankachopra,maluma
priyankachopra,leomessi
priyankachopra,khabib_nurmagomedov
priyankachopra,iambeckyg
lalalalisa_m,sooyaaa__
lalalalisa_m,kimberly.loaiza
lalalalisa_m,milliebobbybrown
lalalalisa_m,jennierubyjane
lalalalisa_m,roses_are_rosie
shakira,ronaldinho
shakira,larissamanoela
shakira,beyonce
shakira,maisa
shakira,natashawilona12
snoopdogg,louisvuitton
snoopdogg,ayutingting92
snoopdogg,princessyahrini
snoopdogg,gucci
snoopdogg,hm
gigihadid,dovecameron
gigihadid,zidane
gigihadid,norafatehi
gigihadid,mosalah
gigihadid,k.mbappe
davidbeckham,kingjames
davidbeckham,chrissyteigen
davidbeckham,garethbale11
davidbeckham,gal_gadot
davidbeckham,marvelstudios
shraddhakapoor,kendalljenner
shraddhakapoor,nickjonas
shraddhakapoor,shaymitchell
shraddhakapoor,willsmith
shraddhakapoor,nehakakkar
victoriassecret,dior
victoriassecret,hm
victoriassecret,gucci
victoriassecret,buzzfeedtasty
victoriassecret,nike
k.mbappe,mosalah
k.mbappe,norafatehi
k.mbappe,gigihadid
k.mbappe,dovecameron
k.mbappe,zidane
nehakakkar,prattprattpratt
nehakakkar,shaymitchell
nehakakkar,shraddhakapoor
nehakakkar,kendalljenner
nehakakkar,cznburak
nba,disney
nba,mercedesbenz
nba,marvel
nba,therock
nba,luansantana
shawnmendes,chrishemsworth
shawnmendes,lelepons
shawnmendes,karolg
shawnmendes,robertdowneyjr
shawnmendes,georginagio
jennierubyjane,roses_are_rosie
jennierubyjane,kimberly.loaiza
jennierubyjane,lalalalisa_m
jennierubyjane,sooyaaa__
jennierubyjane,addisonraee
narendramodi,zacefron
narendramodi,haileybieber
narendramodi,dannapaola
narendramodi,blackpinkofficial
narendramodi,zendaya
aliaabhatt,beingsalmankhan
aliaabhatt,ladygaga
aliaabhatt,theweeknd
aliaabhatt,katrinakaif
aliaabhatt,paulpogba
deepikapadukone,akshaykumar
deepikapadukone,mariliamendoncacantora
deepikapadukone,thenotoriousmma
deepikapadukone,sachintendulkar
deepikapadukone,kyliejenner
tomholland2013,billieeilish
tomholland2013,addisonraee
tomholland2013,roses_are_rosie
tomholland2013,jennierubyjane
tomholland2013,charlidamelio
ronaldinho,shakira
ronaldinho,beyonce
ronaldinho,larissamanoela
ronaldinho,maisa
ronaldinho,natashawilona12
emmawatson,jamesrodriguez10
emmawatson,badgalriri
emmawatson,whinderssonnunes
emmawatson,camila_cabello
emmawatson,iamzlatanibrahimovic
bts.bighitofficial,colesprouse
bts.bighitofficial,danbilzerian
bts.bighitofficial,travisscott
bts.bighitofficial,georginagio
bts.bighitofficial,robertdowneyjr
katrinakaif,paulpogba
katrinakaif,beingsalmankhan
katrinakaif,varundvn
katrinakaif,aliaabhatt
katrinakaif,ladygaga
marvel,nba
marvel,laudyacynthiabella
marvel,disney
marvel,mercedesbenz
marvel,therock
justintimberlake,kourtneykardash
justintimberlake,khloekardashian
justintimberlake,jokowi
justintimberlake,nickyjampr
justintimberlake,nikefootball
camila_cabello,jannatzubair29
camila_cabello,antogriezmann
camila_cabello,dishapatani
camila_cabello,eminem
camila_cabello,emmawatson
willsmith,nickjonas
willsmith,iamcardib
willsmith,kendalljenner
willsmith,shraddhakapoor
willsmith,shaymitchell
raffinagita1717,andresiniesta8
raffinagita1717,manchesterunited
raffinagita1717,luansantana
raffinagita1717,ivetesangalo
raffinagita1717,therock
anitta,vanessahudgens
anitta,parineetichopra
anitta,michelleobama
anitta,beyonce
anitta,champagnepapi
sooyaaa__,lalalalisa_m
sooyaaa__,kimberly.loaiza
sooyaaa__,milliebobbybrown
sooyaaa__,jennierubyjane
sooyaaa__,roses_are_rosie
maluma,leomessi
maluma,iambeckyg
maluma,priyankachopra
maluma,caradelevingne
maluma,cristiano
akshaykumar,mariliamendoncacantora
akshaykumar,thenotoriousmma
akshaykumar,stephencurry30
akshaykumar,deepikapadukone
akshaykumar,dualipa
jacquelinef143,kapilsharma
jacquelinef143,tatawerneck
jacquelinef143,kritisanon
jacquelinef143,toni.kr8s
jacquelinef143,teddysphotos
psg,realmadrid
psg,sonamkapoor
psg,ddlovato
psg,jlo
psg,prillylatuconsina96
roses_are_rosie,jennierubyjane
roses_are_rosie,kimberly.loaiza
roses_are_rosie,lalalalisa_m
roses_are_rosie,addisonraee
roses_are_rosie,sooyaaa__
manchesterunited,ivetesangalo
manchesterunited,andresiniesta8
manchesterunited,raffinagita1717
manchesterunited,wesleysafadao
manchesterunited,bmw
anushkasharma,vancityreynolds
anushkasharma,barackobama
anushkasharma,zidane
anushkasharma,tigerjackieshroff
anushkasharma,dovecameron
whinderssonnunes,iamzlatanibrahimovic
whinderssonnunes,badgalriri
whinderssonnunes,theweeknd
whinderssonnunes,jamesrodriguez10
whinderssonnunes,ladygaga
9gag,nancyajram
9gag,arianagrande
9gag,marcelotwelve
9gag,simonemendes
9gag,britneyspears
marcelotwelve,simonemendes
marcelotwelve,nancyajram
marcelotwelve,britneyspears
marcelotwelve,9gag
marcelotwelve,natashawilona12
milliebobbybrown,sooyaaa__
milliebobbybrown,lalalalisa_m
milliebobbybrown,kimberly.loaiza
milliebobbybrown,travisscott
milliebobbybrown,jennierubyjane
karimbenzema,nusr_et
karimbenzema,marvelstudios
karimbenzema,neymarjr
karimbenzema,garethbale11
karimbenzema,davidbeckham
chrishemsworth,shawnmendes
chrishemsworth,lelepons
chrishemsworth,karolg
chrishemsworth,robertdowneyjr
chrishemsworth,georginagio
karolg,robertdowneyjr
karolg,georginagio
karolg,danbilzerian
karolg,colesprouse
karolg,bts.bighitofficial
paulpogba,varundvn
paulpogba,katrinakaif
paulpogba,beingsalmankhan
paulpogba,aliaabhatt
paulpogba,ranveersingh
iamzlatanibrahimovic,whinderssonnunes
iamzlatanibrahimovic,badgalriri
iamzlatanibrahimovic,theweeknd
iamzlatanibrahimovic,jamesrodriguez10
iamzlatanibrahimovic,ladygaga
leonardodicaprio,mileycyrus
leonardodicaprio,krisjenner
leonardodicaprio,raisa6690
leonardodicaprio,justinbieber
leonardodicaprio,prillylatuconsina96
juventus,ruben_onsu
juventus,hudabeauty
juventus,kevinhart4real
juventus,5-minute crafts girly
juventus,theellenshow
zacefron,narendramodi
zacefron,haileybieber
zacefron,dannapaola
zacefron,blackpinkofficial
zacefron,zendaya
bellahadid,khabib_nurmagomedov
bellahadid,sergioramos
bellahadid,cznburak
bellahadid,priyankachopra
bellahadid,prattprattpratt
tatawerneck,kritisanon
tatawerneck,teddysphotos
tatawerneck,jacquelinef143
tatawerneck,selenagomez
tatawerneck,luissuarez9
beingsalmankhan,aliaabhatt
beingsalmankhan,ladygaga
beingsalmankhan,theweeknd
beingsalmankhan,katrinakaif
beingsalmankhan,paulpogba
robertdowneyjr,georginagio
robertdowneyjr,karolg
robertdowneyjr,danbilzerian
robertdowneyjr,colesprouse
robertdowneyjr,bts.bighitofficial
sunnyleone,champagnepapi
sunnyleone,marinaruybarbosa
sunnyleone,daddyyankee
sunnyleone,nattinatasha
sunnyleone,nasa
ladygaga,aliaabhatt
ladygaga,beingsalmankhan
ladygaga,theweeknd
ladygaga,katrinakaif
ladygaga,iamzlatanibrahimovic
dishapatani,eminem
dishapatani,antogriezmann
dishapatani,jannatzubair29
dishapatani,tigerjackieshroff
dishapatani,barackobama
sergioramos,cznburak
sergioramos,khabib_nurmagomedov
sergioramos,prattprattpratt
sergioramos,nehakakkar
sergioramos,bellahadid
jbalvin,virat.kohli
jbalvin,433
jbalvin,gal_gadot
jbalvin,vindiesel
jbalvin,toni.kr8s
mosalah,k.mbappe
mosalah,norafatehi
mosalah,gigihadid
mosalah,dovecameron
mosalah,zidane
ayutingting92,snoopdogg
ayutingting92,princessyahrini
ayutingting92,louisvuitton
ayutingting92,gucci
ayutingting92,hm
433,jbalvin
433,vindiesel
433,virat.kohli
433,toni.kr8s
433,gal_gadot
hudabeauty,juventus
hudabeauty,kevinhart4real
hudabeauty,chrisbrownofficial
hudabeauty,ruben_onsu
hudabeauty,theellenshow
adele,blakelively
adele,badbunnypr
adele,charlidamelio
adele,harrystyles
adele,zayn
michelleobama,anitta
michelleobama,vanessahudgens
michelleobama,parineetichopra
michelleobama,champagnepapi
michelleobama,daddyyankee
kritisanon,teddysphotos
kritisanon,tatawerneck
kritisanon,selenagomez
kritisanon,luissuarez9
kritisanon,anushkasen0408
jamesrodriguez10,emmawatson
jamesrodriguez10,badgalriri
jamesrodriguez10,whinderssonnunes
jamesrodriguez10,iamzlatanibrahimovic
jamesrodriguez10,camila_cabello
krisjenner,raisa6690
krisjenner,leonardodicaprio
krisjenner,mileycyrus
krisjenner,justinbieber
krisjenner,bmw
thv,rkive
thv,j.m
thv,jenniferaniston
thv,mahi7781
thv,zayn
lelepons,shawnmendes
lelepons,chrishemsworth
lelepons,blackpinkofficial
lelepons,dannapaola
lelepons,haileybieber
charlidamelio,badbunnypr
charlidamelio,blakelively
charlidamelio,billieeilish
charlidamelio,tomholland2013
charlidamelio,adele
gucci,hm
gucci,dior
gucci,louisvuitton
gucci,snoopdogg
gucci,victoriassecret
prillylatuconsina96,jlo
prillylatuconsina96,justinbieber
prillylatuconsina96,ddlovato
prillylatuconsina96,sonamkapoor
prillylatuconsina96,leonardodicaprio
louisvuitton,snoopdogg
louisvuitton,ayutingting92
louisvuitton,gucci
louisvuitton,hm
louisvuitton,princessyahrini
paulodybala,hrithikroshan
paulodybala,shahidkapoor
paulodybala,zendaya
paulodybala,k.mbappe
paulodybala,mosalah
blackpinkofficial,dannapaola
blackpinkofficial,haileybieber
blackpinkofficial,zacefron
blackpinkofficial,narendramodi
blackpinkofficial,zendaya
dovecameron,gigihadid
dovecameron,zidane
dovecameron,norafatehi
dovecameron,mosalah
dovecameron,k.mbappe
garethbale11,davidbeckham
garethbale11,kingjames
garethbale11,chrissyteigen
garethbale11,marvelstudios
garethbale11,karimbenzema
jokowi,nikefootball
jokowi,kourtneykardash
jokowi,justintimberlake
jokowi,khloekardashian
jokowi,nickyjampr
nusr_et,karimbenzema
nusr_et,neymarjr
nusr_et,marvelstudios
nusr_et,garethbale11
nusr_et,davidbeckham
harrystyles,zayn
harrystyles,mahi7781
harrystyles,adele
harrystyles,blakelively
harrystyles,badbunnypr
haileybieber,zacefron
haileybieber,narendramodi
haileybieber,dannapaola
haileybieber,blackpinkofficial
haileybieber,zendaya
vanessahudgens,anitta
vanessahudgens,parineetichopra
vanessahudgens,michelleobama
vanessahudgens,beyonce
vanessahudgens,ronaldinho
5-minute crafts girly,theellenshow
5-minute crafts girly,kevinhart4real
5-minute crafts girly,juventus
5-minute crafts girly,ruben_onsu
5-minute crafts girly,hudabeauty
zayn,harrystyles
zayn,mahi7781
zayn,adele
zayn,blakelively
zayn,jenniferaniston
larissamanoela,maisa
larissamanoela,natashawilona12
larissamanoela,britneyspears
larissamanoela,shakira
larissamanoela,ronaldinho
travisscott,bts.bighitofficial
travisscott,colesprouse
travisscott,milliebobbybrown
travisscott,danbilzerian
travisscott,sooyaaa__
thenotoriousmma,mariliamendoncacantora
thenotoriousmma,akshaykumar
thenotoriousmma,stephencurry30
thenotoriousmma,dualipa
thenotoriousmma,ranveersingh
daddyyankee,champagnepapi
daddyyankee,sunnyleone
daddyyankee,marinaruybarbosa
daddyyankee,nattinatasha
daddyyankee,michelleobama
natgeotravel,gisel_la
natgeotravel,worldstar
natgeotravel,lunamaya
natgeotravel,katyperry
natgeotravel,chrisbrownofficial
nikefootball,jokowi
nikefootball,kourtneykardash
nikefootball,justintimberlake
nikefootball,khloekardashian
nikefootball,nickyjampr
stephencurry30,dualipa
stephencurry30,thenotoriousmma
stephencurry30,ranveersingh
stephencurry30,mariliamendoncacantora
stephencurry30,akshaykumar
vancityreynolds,barackobama
vancityreynolds,tigerjackieshroff
vancityreynolds,anushkasharma
vancityreynolds,eminem
vancityreynolds,dishapatani
maisa,natashawilona12
maisa,larissamanoela
maisa,britneyspears
maisa,shakira
maisa,simonemendes
luissuarez9,selenagomez
luissuarez9,anushkasen0408
luissuarez9,cristiano
luissuarez9,teddysphotos
luissuarez9,kritisanon
gusttavolima,fcbarcelona
gusttavolima,taylorswift
gusttavolima,kimkardashian
gusttavolima,paollaoliveirareal
gusttavolima,nickiminaj
jannatzubair29,camila_cabello
jannatzubair29,antogriezmann
jannatzubair29,dishapatani
jannatzubair29,eminem
jannatzubair29,tigerjackieshroff
varundvn,paulpogba
varundvn,katrinakaif
varundvn,ranveersingh
varundvn,dualipa
varundvn,stephencurry30
hrithikroshan,shahidkapoor
hrithikroshan,paulodybala
hrithikroshan,zendaya
hrithikroshan,k.mbappe
hrithikroshan,mosalah
nickyjampr,liverpoolfc
nickyjampr,khloekardashian
nickyjampr,justintimberlake
nickyjampr,kourtneykardash
nickyjampr,psg
buzzfeedtasty,nike
buzzfeedtasty,natgeo
buzzfeedtasty,victoriassecret
buzzfeedtasty,dior
buzzfeedtasty,hm
brunamarquezine,kyliejenner
brunamarquezine,sachintendulkar
brunamarquezine,iamcardib
brunamarquezine,willsmith
brunamarquezine,nickjonas
caradelevingne,cristiano
caradelevingne,anushkasen0408
caradelevingne,luissuarez9
caradelevingne,selenagomez
caradelevingne,iambeckyg
kapilsharma,jacquelinef143
kapilsharma,toni.kr8s
kapilsharma,tatawerneck
kapilsharma,kritisanon
kapilsharma,vindiesel
badbunnypr,blakelively
badbunnypr,charlidamelio
badbunnypr,adele
badbunnypr,billieeilish
badbunnypr,tomholland2013
britneyspears,simonemendes
britneyspears,natashawilona12
britneyspears,maisa
britneyspears,larissamanoela
britneyspears,marcelotwelve
j.m,thv
j.m,rkive
j.m,jenniferaniston
j.m,mahi7781
j.m,zayn
mariliamendoncacantora,akshaykumar
mariliamendoncacantora,thenotoriousmma
mariliamendoncacantora,stephencurry30
mariliamendoncacantora,dualipa
mariliamendoncacantora,deepikapadukone
norafatehi,gigihadid
norafatehi,dovecameron
norafatehi,mosalah
norafatehi,k.mbappe
norafatehi,zidane
theweeknd,ladygaga
theweeknd,aliaabhatt
theweeknd,beingsalmankhan
theweeknd,iamzlatanibrahimovic
theweeknd,whinderssonnunes
dior,hm
dior,gucci
dior,victoriassecret
dior,louisvuitton
dior,snoopdogg
ranveersingh,dualipa
ranveersingh,stephencurry30
ranveersingh,thenotoriousmma
ranveersingh,mariliamendoncacantora
ranveersingh,varundvn
marinaruybarbosa,nattinatasha
marinaruybarbosa,sunnyleone
marinaruybarbosa,champagnepapi
marinaruybarbosa,daddyyankee
marinaruybarbosa,nasa
jenniferaniston,mahi7781
jenniferaniston,zayn
jenniferaniston,harrystyles
jenniferaniston,adele
jenniferaniston,blakelively
addisonraee,tomholland2013
addisonraee,roses_are_rosie
addisonraee,jennierubyjane
addisonraee,billieeilish
addisonraee,kimberly.loaiza
andresiniesta8,manchesterunited
andresiniesta8,raffinagita1717
andresiniesta8,ivetesangalo
andresiniesta8,luansantana
andresiniesta8,therock
princessyahrini,ayutingting92
princessyahrini,snoopdogg
princessyahrini,louisvuitton
princessyahrini,theellenshow
princessyahrini,5-minute crafts girly
liverpoolfc,nickyjampr
liverpoolfc,khloekardashian
liverpoolfc,justintimberlake
liverpoolfc,kourtneykardash
liverpoolfc,psg
teddysphotos,kritisanon
teddysphotos,tatawerneck
teddysphotos,selenagomez
teddysphotos,luissuarez9
teddysphotos,anushkasen0408
worldstar,gisel_la
worldstar,natgeotravel
worldstar,lunamaya
worldstar,chrisbrownofficial
worldstar,adidasoriginals
natashawilona12,maisa
natashawilona12,larissamanoela
natashawilona12,britneyspears
natashawilona12,shakira
natashawilona12,simonemendes
mahi7781,zayn
mahi7781,harrystyles
mahi7781,jenniferaniston
mahi7781,adele
mahi7781,blakelively
georginagio,robertdowneyjr
georginagio,karolg
georginagio,danbilzerian
georginagio,colesprouse
georginagio,bts.bighitofficial
cznburak,sergioramos
cznburak,prattprattpratt
cznburak,nehakakkar
cznburak,khabib_nurmagomedov
cznburak,shaymitchell
chrissyteigen,davidbeckham
chrissyteigen,kingjames
chrissyteigen,garethbale11
chrissyteigen,gal_gadot
chrissyteigen,marvelstudios
ruben_onsu,juventus
ruben_onsu,5-minute crafts girly
ruben_onsu,hudabeauty
ruben_onsu,kevinhart4real
ruben_onsu,theellenshow
wizkhalifa,nickiminaj
wizkhalifa,paollaoliveirareal
wizkhalifa,kimkardashian
wizkhalifa,fcbarcelona
wizkhalifa,taylorswift
hm,gucci
hm,dior
hm,victoriassecret
hm,louisvuitton
hm,snoopdogg
anushkasen0408,luissuarez9
anushkasen0408,selenagomez
anushkasen0408,cristiano
anushkasen0408,teddysphotos
anushkasen0408,caradelevingne
prattprattpratt,nehakakkar
prattprattpratt,shaymitchell
prattprattpratt,cznburak
prattprattpratt,sergioramos
prattprattpratt,shraddhakapoor
marvelstudios,karimbenzema
marvelstudios,nusr_et
marvelstudios,garethbale11
marvelstudios,neymarjr
marvelstudios,chrissyteigen
wesleysafadao,bmw
wesleysafadao,raisa6690
wesleysafadao,ivetesangalo
wesleysafadao,krisjenner
wesleysafadao,mileycyrus
parineetichopra,anitta
parineetichopra,vanessahudgens
parineetichopra,michelleobama
parineetichopra,beyonce
parineetichopra,ronaldinho
rkive,thv
rkive,j.m
rkive,jenniferaniston
rkive,mahi7781
rkive,zayn
laudyacynthiabella,marvel
laudyacynthiabella,katyperry
laudyacynthiabella,lunamaya
laudyacynthiabella,gisel_la
laudyacynthiabella,nba
antogriezmann,dishapatani
antogriezmann,eminem
antogriezmann,jannatzubair29
antogriezmann,tigerjackieshroff
antogriezmann,camila_cabello
gisel_la,natgeotravel
gisel_la,worldstar
gisel_la,lunamaya
gisel_la,katyperry
gisel_la,chrisbrownofficial
eminem,dishapatani
eminem,antogriezmann
eminem,jannatzubair29
eminem,tigerjackieshroff
eminem,barackobama
mercedesbenz,disney
mercedesbenz,nba
mercedesbenz,therock
mercedesbenz,luansantana
mercedesbenz,marvel
colesprouse,bts.bighitofficial
colesprouse,danbilzerian
colesprouse,travisscott
colesprouse,georginagio
colesprouse,robertdowneyjr
nattinatasha,marinaruybarbosa
nattinatasha,sunnyleone
nattinatasha,daddyyankee
nattinatasha,champagnepapi
nattinatasha,nasa
shahidkapoor,hrithikroshan
shahidkapoor,paulodybala
shahidkapoor,zendaya
shahidkapoor,k.mbappe
shahidkapoor,mosalah
tigerjackieshroff,barackobama
tigerjackieshroff,vancityreynolds
tigerjackieshroff,eminem
tigerjackieshroff,dishapatani
tigerjackieshroff,antogriezmann
kimberly.loaiza,jennierubyjane
kimberly.loaiza,roses_are_rosie
kimberly.loaiza,lalalalisa_m
kimberly.loaiza,sooyaaa__
kimberly.loaiza,milliebobbybrown
barackobama,vancityreynolds
barackobama,tigerjackieshroff
barackobama,eminem
barackobama,anushkasharma
barackobama,dishapatani
sachintendulkar,kyliejenner
sachintendulkar,brunamarquezine
sachintendulkar,iamcardib
sachintendulkar,deepikapadukone
sachintendulkar,willsmith
simonemendes,marcelotwelve
simonemendes,britneyspears
simonemendes,nancyajram
simonemendes,natashawilona12
simonemendes,9gag
ivetesangalo,manchesterunited
ivetesangalo,andresiniesta8
ivetesangalo,wesleysafadao
ivetesangalo,bmw
ivetesangalo,raffinagita1717
lunamaya,katyperry
lunamaya,gisel_la
lunamaya,adidasoriginals
lunamaya,worldstar
lunamaya,natgeotravel
toni.kr8s,vindiesel
toni.kr8s,kapilsharma
toni.kr8s,jacquelinef143
toni.kr8s,433
toni.kr8s,tatawerneck
dannapaola,blackpinkofficial
dannapaola,haileybieber
dannapaola,zacefron
dannapaola,narendramodi
dannapaola,zendaya
paollaoliveirareal,kimkardashian
paollaoliveirareal,fcbarcelona
paollaoliveirareal,nickiminaj
paollaoliveirareal,gusttavolima
paollaoliveirareal,taylorswift
blakelively,badbunnypr
blakelively,adele
blakelively,charlidamelio
blakelively,billieeilish
blakelively,tomholland2013
adidasoriginals,chrisbrownofficial
adidasoriginals,katyperry
adidasoriginals,lunamaya
adidasoriginals,worldstar
adidasoriginals,gisel_la
disney,mercedesbenz
disney,nba
disney,therock
disney,marvel
disney,luansantana
shaymitchell,nehakakkar
shaymitchell,shraddhakapoor
shaymitchell,kendalljenner
shaymitchell,prattprattpratt
shaymitchell,nickjonas
bmw,wesleysafadao
bmw,raisa6690
bmw,krisjenner
bmw,ivetesangalo
bmw,mileycyrus
danbilzerian,colesprouse
danbilzerian,bts.bighitofficial
danbilzerian,georginagio
danbilzerian,robertdowneyjr
danbilzerian,karolg
khabib_nurmagomedov,bellahadid
khabib_nurmagomedov,sergioramos
khabib_nurmagomedov,cznburak
khabib_nurmagomedov,priyankachopra
khabib_nurmagomedov,prattprattpratt
zidane,dovecameron
zidane,gigihadid
zidane,norafatehi
zidane,anushkasharma
zidane,mosalah
sonamkapoor,psg
sonamkapoor,ddlovato
sonamkapoor,realmadrid
sonamkapoor,jlo
sonamkapoor,prillylatuconsina96
iambeckyg,leomessi
iambeckyg,maluma
iambeckyg,caradelevingne
iambeckyg,cristiano
iambeckyg,anushkasen0408
nancyajram,marcelotwelve
nancyajram,9gag
nancyajram,simonemendes
nancyajram,britneyspears
nancyajram,arianagrande
luansantana,therock
luansantana,raffinagita1717
luansantana,mercedesbenz
luansantana,andresiniesta8
luansantana,disney
nickjonas,willsmith
nickjonas,shraddhakapoor
nickjonas,kendalljenner
nickjonas,iamcardib
nickjonas,shaymitchell
raisa6690,krisjenner
raisa6690,mileycyrus
raisa6690,leonardodicaprio
raisa6690,wesleysafadao
raisa6690,bmw
